{
  "name": "InfiniteIslandsSmall",
  "leg_extension": 3.0,
  "grid_size_x": 45.0,
  "grid_size_y": 45.0,
  "gripping_points": [
    [
      16.686481,
      10.978023
    ],
    [
      18.534455,
      11.882419
    ],
    [
      18.8287,
      13.187167
    ],
    [
      16.289949,
      13.034606
    ],
    [
      18.776159,
      10.261828
    ],
    [
      20.785944,
      9.576671
    ],
    [
      14.965489,
      12.542061
    ],
    [
      17.146076,
      14.127716
    ],
    [
      16.647217,
      9.414937
    ],
    [
      20.024556,
      13.685053
    ],
    [
      21.117074,
      7.660103
    ],
    [
      22.16251,
      9.873343
    ],
    [
      18.964668,
      8.656976
    ],
    [
      20.903192,
      6.013233
    ],
    [
      18.523964,
      15.39048
    ],
    [
      19.158197,
      6.549
    ],
    [
      22.128916,
      6.57842
    ],
    [
      23.468834,
      6.427872
    ],
    [
      34.014919,
      38.77239
    ],
    [
      32.684396,
      38.907998
    ],
    [
      34.010033,
      36.387833
    ],
    [
      33.37773,
      37.625059
    ],
    [
      36.085292,
      37.532929
    ],
    [
      36.567838,
      36.040206
    ],
    [
      37.713266,
      34.364914
    ],
    [
      30.748052,
      38.390454
    ],
    [
      31.513371,
      36.017935
    ],
    [
      37.309414,
      37.758323
    ],
    [
      36.226342,
      34.626927
    ],
    [
      28.961165,
      36.896632
    ],
    [
      38.368011,
      36.100288
    ],
    [
      36.636235,
      33.355732
    ],
    [
      30.515941,
      36.936863
    ],
    [
      10.823752,
      33.274846
    ],
    [
      11.981475,
      34.99957
    ],
    [
      13.566158,
      33.520924
    ],
    [
      15.482291,
      34.964726
    ],
    [
      9.607871,
      36.04787
    ],
    [
      13.498155,
      35.269124
    ],
    [
      9.734903,
      38.182393
    ],
    [
      15.375151,
      32.166316
    ],
    [
      10.948678,
      35.877368
    ],
    [
      17.373355,
      35.188004
    ],
    [
      7.712481,
      34.508645
    ],
    [
      14.415835,
      36.998291
    ],
    [
      13.088192,
      37.669991
    ],
    [
      10.786558,
      37.493774
    ],
    [
      8.29805,
      37.366135
    ],
    [
      35.460913,
      12.685421
    ],
    [
      33.878177,
      13.599607
    ],
    [
      35.301368,
      14.297333
    ],
    [
      37.216965,
      14.383945
    ],
    [
      36.928691,
      16.34114
    ],
    [
      35.628261,
      15.565005
    ],
    [
      33.787855,
      16.409636
    ],
    [
      33.743002,
      15.137847
    ],
    [
      33.663842,
      12.387235
    ],
    [
      32.519913,
      12.836344
    ],
    [
      32.080301,
      14.954982
    ],
    [
      38.954912,
      18.079416
    ],
    [
      32.635253,
      16.904117
    ],
    [
      31.604109,
      11.957713
    ],
    [
      30.375678,
      13.597879
    ],
    [
      25.625901,
      25.089592
    ],
    [
      25.650884,
      27.73508
    ],
    [
      26.774721,
      25.557254
    ],
    [
      25.726013,
      26.379118
    ],
    [
      23.40151,
      24.99242
    ],
    [
      24.174448,
      26.50094
    ],
    [
      24.813526,
      23.572161
    ],
    [
      24.380463,
      27.853794
    ],
    [
      27.804817,
      24.687225
    ],
    [
      22.384109,
      25.871741
    ],
    [
      25.86546,
      22.74746
    ],
    [
      27.004825,
      28.697312
    ],
    [
      23.169092,
      30.16369
    ],
    [
      24.411729,
      21.673987
    ],
    [
      22.394051,
      22.030826
    ],
    [
      24.75921,
      29.17992
    ],
    [
      30.328623,
      23.854047
    ]
  ],
  "goal_point": [
    38.368011,
    36.100288
  ],
  "init_center": [
    17.170295,
    11.965016
  ],
  "init_feet": [
    [
      16.686481,
      10.978023
    ],
    [
      18.534455,
      11.882419
    ],
    [
      16.289949,
      13.034606
    ]
  ]
}