{
  "name": "InfiniteIslands",
  "leg_extension": 3.0,
  "grid_size_x": 100.0,
  "grid_size_y": 100.0,
  "gripping_points": [
    [
      62.269558,
      8.200946
    ],
    [
      62.31523,
      9.623474
    ],
    [
      61.10177,
      5.847234
    ],
    [
      61.215508,
      7.527441
    ],
    [
      63.766646,
      8.452895
    ],
    [
      63.310126,
      11.003238
    ],
    [
      61.617249,
      10.777158
    ],
    [
      63.607051,
      7.028518
    ],
    [
      60.163312,
      8.645366
    ],
    [
      65.306799,
      11.964382
    ],
    [
      64.245596,
      12.549398
    ],
    [
      61.446212,
      12.305188
    ],
    [
      65.771857,
      13.908296
    ],
    [
      66.659237,
      15.021242
    ],
    [
      64.227069,
      14.634477
    ],
    [
      65.961909,
      7.076542
    ],
    [
      68.153357,
      13.483216
    ],
    [
      63.066455,
      12.321748
    ],
    [
      66.082735,
      9.180847
    ],
    [
      67.963856,
      14.926556
    ],
    [
      65.583465,
      16.049949
    ],
    [
      68.200674,
      7.008289
    ],
    [
      68.217813,
      8.310618
    ],
    [
      64.628993,
      6.250385
    ],
    [
      70.294021,
      15.031908
    ],
    [
      63.38101,
      13.697956
    ],
    [
      63.467079,
      15.652819
    ],
    [
      61.67675,
      14.486214
    ],
    [
      47.098171,
      70.158675
    ],
    [
      49.293856,
      71.037801
    ],
    [
      47.110871,
      71.662956
    ],
    [
      50.244581,
      72.189715
    ],
    [
      50.247837,
      74.866938
    ],
    [
      51.160734,
      69.789041
    ],
    [
      48.513491,
      67.800384
    ],
    [
      49.365493,
      66.607264
    ],
    [
      46.799753,
      66.909167
    ],
    [
      49.656502,
      69.421588
    ],
    [
      47.343482,
      68.793576
    ],
    [
      52.11083,
      72.797942
    ],
    [
      49.803379,
      68.12934
    ],
    [
      45.539251,
      70.178867
    ],
    [
      45.932517,
      68.741382
    ],
    [
      51.713339,
      66.355185
    ],
    [
      45.124687,
      72.034211
    ],
    [
      43.416349,
      68.384622
    ],
    [
      44.917855,
      67.448348
    ],
    [
      53.583237,
      73.991335
    ],
    [
      40.860231,
      69.464274
    ],
    [
      44.338653,
      70.143087
    ],
    [
      42.446919,
      67.137453
    ],
    [
      44.030953,
      65.964941
    ],
    [
      42.600141,
      71.793317
    ],
    [
      53.149299,
      75.828606
    ],
    [
      46.042902,
      64.52586
    ],
    [
      41.822877,
      70.866859
    ],
    [
      39.790105,
      41.169452
    ],
    [
      39.11728,
      40.165123
    ],
    [
      40.561575,
      38.988414
    ],
    [
      39.837341,
      38.014332
    ],
    [
      43.059519,
      38.17747
    ],
    [
      44.103017,
      35.766358
    ],
    [
      40.84425,
      36.198187
    ],
    [
      37.544044,
      38.319312
    ],
    [
      36.397649,
      37.147448
    ],
    [
      41.822093,
      39.687359
    ],
    [
      35.593848,
      34.960197
    ],
    [
      41.789568,
      38.453604
    ],
    [
      33.725317,
      36.516355
    ],
    [
      45.610051,
      33.866558
    ],
    [
      31.045212,
      36.906733
    ],
    [
      43.316255,
      40.031556
    ],
    [
      38.18791,
      35.962248
    ],
    [
      41.712167,
      41.407615
    ],
    [
      40.589521,
      43.549164
    ],
    [
      39.478074,
      42.607366
    ],
    [
      38.052755,
      42.001501
    ],
    [
      43.600473,
      43.062556
    ],
    [
      41.555176,
      44.328782
    ],
    [
      37.560706,
      44.517352
    ],
    [
      39.552993,
      44.549455
    ],
    [
      36.532262,
      46.222036
    ],
    [
      38.200002,
      45.917719
    ],
    [
      37.06492,
      42.951958
    ],
    [
      6.893298,
      89.429507
    ],
    [
      6.99374,
      91.277064
    ],
    [
      6.079069,
      87.34977
    ],
    [
      6.486957,
      93.053221
    ],
    [
      8.088859,
      92.313975
    ],
    [
      7.723866,
      87.976092
    ],
    [
      7.424116,
      85.889399
    ],
    [
      9.074147,
      86.016812
    ],
    [
      11.640094,
      86.875148
    ],
    [
      12.623583,
      87.732235
    ],
    [
      14.595881,
      88.722886
    ],
    [
      7.869106,
      93.826549
    ],
    [
      8.750948,
      89.519154
    ],
    [
      8.348392,
      91.037043
    ],
    [
      14.03507,
      86.879872
    ],
    [
      16.78053,
      87.590857
    ],
    [
      9.741483,
      93.121405
    ],
    [
      11.566146,
      91.600735
    ],
    [
      15.580711,
      87.133295
    ],
    [
      9.39895,
      91.769276
    ],
    [
      17.692768,
      86.507284
    ],
    [
      18.567172,
      85.603641
    ],
    [
      16.99981,
      89.875397
    ],
    [
      10.445168,
      91.04302
    ],
    [
      12.224561,
      93.268191
    ],
    [
      17.928955,
      84.298577
    ],
    [
      20.546223,
      83.360677
    ],
    [
      11.014679,
      92.766891
    ],
    [
      48.522309,
      26.874102
    ],
    [
      46.036415,
      25.611174
    ],
    [
      45.07424,
      26.349742
    ],
    [
      45.562228,
      23.635496
    ],
    [
      46.877454,
      21.341025
    ],
    [
      44.65695,
      24.512191
    ],
    [
      44.742016,
      22.085728
    ],
    [
      42.575495,
      23.375149
    ],
    [
      47.488819,
      24.684679
    ],
    [
      43.21122,
      24.635332
    ],
    [
      39.963768,
      22.862424
    ],
    [
      43.596213,
      22.498773
    ],
    [
      41.152307,
      20.43312
    ],
    [
      43.852966,
      20.34529
    ],
    [
      41.315015,
      23.984635
    ],
    [
      42.008312,
      21.935195
    ],
    [
      39.35096,
      21.172825
    ],
    [
      41.839361,
      26.145105
    ],
    [
      40.66584,
      25.290675
    ],
    [
      38.840369,
      24.900897
    ],
    [
      41.492964,
      28.330748
    ],
    [
      39.085949,
      26.757486
    ],
    [
      41.084946,
      27.166924
    ],
    [
      43.204807,
      26.295572
    ],
    [
      36.72699,
      27.998212
    ],
    [
      42.823506,
      28.250791
    ],
    [
      39.712995,
      28.518436
    ],
    [
      37.203903,
      25.7872
    ],
    [
      68.435909,
      42.757068
    ],
    [
      66.164499,
      44.300043
    ],
    [
      69.129619,
      40.680896
    ],
    [
      70.303817,
      40.033161
    ],
    [
      68.525841,
      44.897373
    ],
    [
      70.808499,
      46.127123
    ],
    [
      69.884438,
      47.5931
    ],
    [
      64.68209,
      44.011416
    ],
    [
      69.93134,
      44.989775
    ],
    [
      70.047657,
      41.886863
    ],
    [
      67.074556,
      43.244979
    ],
    [
      70.58091,
      43.837482
    ],
    [
      68.778608,
      46.611602
    ],
    [
      72.072198,
      46.644748
    ],
    [
      71.907669,
      43.690041
    ],
    [
      72.309675,
      42.454672
    ],
    [
      71.755034,
      41.296882
    ],
    [
      73.144653,
      44.233767
    ],
    [
      72.967398,
      40.058021
    ],
    [
      73.541723,
      45.797299
    ],
    [
      74.576396,
      41.74897
    ],
    [
      73.359508,
      41.579278
    ],
    [
      73.623943,
      38.882155
    ],
    [
      74.031729,
      37.668972
    ],
    [
      70.650141,
      38.757533
    ],
    [
      68.959836,
      36.917736
    ],
    [
      75.023346,
      46.147927
    ],
    [
      75.800079,
      39.391901
    ],
    [
      31.177759,
      81.868191
    ],
    [
      32.329041,
      80.575447
    ],
    [
      29.637578,
      82.986876
    ],
    [
      31.692583,
      78.904822
    ],
    [
